{"cameraMode":{"drawMode":0,"name":"Shaded","section":"Shading Mode"},"sceneLighting":false,"audioPlay":false,"sceneViewState":{"showFog":true,"showMaterialUpdate":false,"showSkybox":false,"showFlares":true,"showImageEffects":true,"showParticleSystems":true},"in2DMode":false,"pivot":{"x":-3.9800000190734865,"y":0.13999998569488526,"z":1.6027030944824219},"rotation":{"x":0.3628879189491272,"y":-0.18002311885356904,"z":0.07167600840330124,"w":0.9114700555801392},"size":2.8578836917877199,"orthographic":true}