{"cameraMode":{"drawMode":0,"name":"Shaded","section":"Shading Mode"},"sceneLighting":false,"audioPlay":false,"sceneViewState":{"showFog":true,"showMaterialUpdate":false,"showSkybox":true,"showFlares":true,"showImageEffects":true,"showParticleSystems":true},"in2DMode":false,"pivot":{"x":-0.3799999952316284,"y":2.2868494987487795,"z":-0.8500000238418579},"rotation":{"x":0.2265746295452118,"y":0.415042519569397,"z":-0.10752566903829575,"w":0.8745558261871338},"size":15.581798553466797,"orthographic":true}