{"cameraMode":{"drawMode":0,"name":"Shaded","section":"Shading Mode"},"sceneLighting":false,"audioPlay":false,"sceneViewState":{"showFog":true,"showMaterialUpdate":false,"showSkybox":false,"showFlares":true,"showImageEffects":true,"showParticleSystems":true},"in2DMode":false,"pivot":{"x":-0.0655813217163086,"y":2.9982123374938967,"z":-4.22752571105957},"rotation":{"x":0.07234165817499161,"y":-0.9153753519058228,"z":0.19080327451229096,"w":0.3470586836338043},"size":2.8578836917877199,"orthographic":true}