{"cameraMode":{"drawMode":0,"name":"Shaded","section":"Shading Mode"},"sceneLighting":false,"audioPlay":false,"sceneViewState":{"showFog":true,"showMaterialUpdate":false,"showSkybox":false,"showFlares":true,"showImageEffects":true,"showParticleSystems":true},"in2DMode":false,"pivot":{"x":4.010000228881836,"y":0.13999998569488526,"z":1.6027030944824219},"rotation":{"x":0.041736528277397159,"y":-0.9401168823242188,"z":0.12482631951570511,"w":0.31446513533592226},"size":4.076354026794434,"orthographic":true}