{"cameraMode":{"drawMode":0,"name":"Shaded","section":"Shading Mode"},"sceneLighting":false,"audioPlay":false,"sceneViewState":{"showFog":true,"showMaterialUpdate":false,"showSkybox":false,"showFlares":true,"showImageEffects":true,"showParticleSystems":true},"in2DMode":false,"pivot":{"x":-3.1671886444091799,"y":5.06020450592041,"z":-12.720708847045899},"rotation":{"x":0.2085183560848236,"y":0.2945142984390259,"z":-0.06601336598396301,"w":0.9302840828895569},"size":7.96423864364624,"orthographic":true}